ID,Tier,Priority,Company,CPI flag,HQ country,Outreach language,Type,"Centres (name, city)",Centre count,Decision seat / CZ-SK entity,Roles to approach,Named people (public sources),Footfall / analytics vendor,"Live trigger (date, what)",Trigger URL,Ownership / mandate source,Source status,Confidence,Notes
CZ-01,CZ,P1 (expansion),CPI Property Group: shopping centres CZ,"CPI group — expansion, not a new logo",Luxembourg (ops Prague),CZ,Owner/operator (in-house property management),"Quadrio (Praha 1); Olympia Plzeň; Nisa (Liberec); Futurum (Hradec Králové); Zlatý Anděl (Praha 5, S IMMO-owned); Futurum (Kolín); Olympia Mladá Boleslav (our pilot); Citypark (Jihlava); OC Spektrum (Čestlice); NC Královo Pole (Brno); VIVO! Hostivař (Praha 15, ex-IMMOFINANZ); IGY (České Budějovice); Olympia Teplice; Géčko (České Budějovice); NC Fénix (Praha 9, 50% JV: VERIFY); Bondy Centrum (Mladá Boleslav, owner entity Marissa Ypsilon a.s.: VERIFY consolidation)",16,"Prague: Quadrio, Purkyňova 2121/3, Praha 1 (formal HQ Luxembourg). Centre management entity CPI Property, s.r.o. (IČ 17135613); services entity CPI Services, a.s. (IČ 28474651)",Head of Shopping Centres Asset and Letting Management; Asset and Property Management Director; Head of Shopping Centers Marketing CZ/SK; per centre: Centre Manager (manažer/ka centra) + Marketing Manager (marketingová manažerka); Group Sustainability Officer,"Petr Žahour (Head of Shopping Centres Asset and Letting Management); Petr Brabec (Asset and Property Management Director; ANC ČR executive committee; also on POLUS a.s. board); Ondřej Laně (Head of Property Management); Pavel Urban (Head of Shopping Centers Marketing CZ/SK, existing contact; leads ANC ČR marketing commission); Alice Chudobová (existing contact, no public title); Jakub Velen (PR & Marketing Director); Petra Hajná (Group Sustainability Officer); Martin Němeček (ANC ČR board, CPI title not found). Extension centres (centre manager / marketing): Olympia MB: Petr Diviš / Denisa Štiková; Olympia Plzeň: Marek Audes / Lucie Juhászová; Nisa: René Švejda / Kateřina Boháčová; Fénix: Martin Schneider / Henrieta Haľovská. Sources: https://cpipg.com/en/about-us, each centre's /kontakty page, https://anccr.cz/pracovni-komise (all read 2026-09-23)","Counting vendor not public (group reports 58.0m SC visits in H1 2026). Apps built on Emplate (Futurapka HK, released 2024-11; Fénix app, released 2025-01-29). Simplaq lists Olympia Plzeň and Quadrio as clients. CONFESS Research exit interviews in 14 centres in 2023 (VERIFY). Revisio tenant portal at Olympia Plzeň (VERIFY)","2026-08-31 H1 2026 results: SC footfall −1.8% like-for-like, 'active management of tenant mix', food courts, ESG upgrades. Internal: our 4-centre extended-pilot proposal (Olympia MB, Olympia Plzeň, Nisa, Fénix) is waiting on CPI",https://cpipg.com/storage/app/uploads/public/6a9/5aa/e5b/6a95aae5bfb78941078956.pdf,https://www.cpipg.cz/retail-portfolio (read 2026-09-23); H1 2026 report (above),Current (2026),"High (centres, people); Medium (legal-entity split)",Expansion account. Warm path through Urban and Brabec. Pavel Urban's SK remit may be stale because CPI has no SK shopping centre since Apr 2025.
CZ-02,CZ,P1,Redstone group / Max Realitní Fond,,Czechia (Olomouc),CZ,Owner/operator (fund owner + own property-management company),"Galerie Šantovka (Olomouc); Olympia Olomouc (Velký Týnec); Palác Pardubice; OC Flora (Praha 3); Myslbek (Praha 1); Galerie Pernerka (Pardubice, under construction)",6 (1 under construction),"Olomouc (Redstone HQ) + Prague. REDSTONE PROPERTY MANAGEMENT s.r.o. (IČ 06609988). Fund manager AMISTA investiční společnost, a.s.",Asset Director; Business Director; Centre Manager; Marketing Manager,"Tomáš Míček (Asset Director; hosts ANC ČR podcast); Jan Lukáš (Business Director); Michaela Smrčková (Centre Manager, Šantovka + Olympia Olomouc); David Podstata (Marketing, Šantovka/Olympia Olomouc); Miloš Vaľovský (Centre Manager, OC Flora); Zuzana Roubíčková (Marketing, Flora); Roman Kafonek (Centre Manager, Palác Pardubice); Michal Folta (Head of PR); Romana Benešová (CEO in Feb 2024: VERIFY). Sources: https://www.redstonegroup.cz/, https://www.galeriesantovka.cz/kontakty, https://www.palacpardubice.cz/kontakty/","Simplaq (loyalty, signage, 'visitor & sales analytics') lists Šantovka as a client; ŠantAPKA loyalty app. No counter vendor public",2025-09-29 bought Olympia Olomouc from Catalyst; 2025-01-22 Flora + Myslbek deal; Pernerka under construction. SENSITIVE: founder Richard Morávek died 2026-09-17 (leadership transition),https://olomoucky.denik.cz/zpravy-region/olympia-olomouc-redstone-santovka-richard-moravek-prodej-koupe/ ; https://ekonomickydenik.cz/zemrel-richard-moravek-redstone/,https://www.redstonegroup.cz/; https://www.e15.cz/byznys/olomoucky-developer-moravek-kupuje-atrium-flora-a-pasaz-myslbek-1421737 (2025-01-22); https://www.nemovitostni-fondy.cz/fondy/max-realitni-fond-podfond-a (31.12.2025),Current (Palác Pardubice deal Jun 2023: VERIFY),High,Hold outreach a few weeks out of respect for the founder's death. Its centres are partners of the ANC ČR conference on 1 Oct 2026.
CZ-03,CZ,P1,REICO investiční společnost Erste Asset Management (ČS/Erste),,Czechia (Prague; Erste group AT),CZ,Asset manager / fund owner (outsourced property management),"Palladium (Praha 1, managed by Cushman & Wakefield); Forum Nová Karolina (Ostrava, managed by ARAM); Melantrich (Praha 1, mixed-use)",3,Prague: REICO IS EAM. The Forum Nová Karolina contact page says the 'new owner is Erste Asset Management GmbH' (VERIFY intra-group move),Retail portfolio / asset manager at REICO; board; via property managers: Centre Director + Marketing Director,"Dušan Sýkora (Chairman); Lucia Houfková (Vice-Chair; Jiří Horák was named Vice-Chair in Nov 2025, VERIFY which is current); Martin Řezáč (board). Palladium: Leoš Pajer (Marketing Manager, C&W), Barbora Cassandrová (leasing). FNK: Martin Kubík (Centre Director), Tomáš Lučan (Marketing Director). Sources: https://www.reico.cz/cs/o-nas, https://www.palladiumpraha.cz/kontakty/, https://www.forumnovakarolina.cz/kontakty",Palladium Klub loyalty app. Counting vendor not public. Targomo models Palladium at ~37.9k visits/day (Jul 2026),"2025-11-20 REICO bought Palladium, the largest single-asset deal in CZ; a new owner typically reviews reporting and property management. 2026-09-23 HN: more billion-CZK malls for sale, Czech funds interested",https://www.reico.cz/cs/media/2025/11/20/reico-is-eam-kupuje-ikonickou-budovu-palladia,https://www.reico.cz/cs/cs-nemovitostni-fond/portfolio-budov; https://uohs.gov.cz/cs/informacni-centrum/tiskove-zpravy/hospodarska-soutez/4370-uohs-schvalil-prodej-obchodniho-centra-palladium-praha.html (2025-10-29),Current (2025–26),High,Palladium is the busiest CZ mall. Pitch the owner (REICO) and the manager (C&W) together.
CZ-04,CZ,P1,Unibail-Rodamco-Westfield (URW),,France (Paris; CE hub Warsaw),EN (CZ for centre teams),Owner/operator,"Westfield Chodov (Praha 4, 100%); Westfield Černý Most (Praha 9, ~59%; Upvest + RSJ ~41%); Metropole Zličín (Praha 5, 50/50 with Commerz Real, URW manages)",3,"Paris (group data/AI, Westfield Rise) → Warsaw (COO Central Europe) → Prague centre teams. Entities: Unibail-Rodamco Česká republika s.r.o.; CENTRUM CHODOV a.s.; CENTRUM ČERNÝ MOST s.r.o.; CGI Metropole s.r.o.",COO Central Europe; Centre Manager; Digital Marketing Manager; Westfield Rise (retail media) Central Europe lead,"Jakub Skwarlo (COO Central Europe; chairs ANC ČR board); Martin Makovec (MD M&A Central Europe); Tomáš Urbanovský (Centre Manager, Chodov); Michaela Dobešová (Digital Marketing Manager, Chodov); Michaela Matlasová (Centre Manager, Černý Most); Nicola Lukovicsová (Marketing Manager, Černý Most); Filip Kasal (Digital Marketing Manager, Černý Most); Josef Jilemický (Centre Director, Metropole); Kateřina Kleslová (Marketing Manager, Metropole); Petra Holušová ('General Director' in 2025 press: VERIFY). Westfield Rise CE lead: VERIFY. Sources: westfield.com/cz …/sluzby/detailni-kontakty pages (read 2026-09-23)","ALREADY CAMERA-BASED: Chodov runs a 'viewership, footfall and space occupancy' system on its security cameras (privacy notice 2025-04-11). Černý Most counts with cameras; processor Special Service International Security s.r.o. (updated 2026-09-01). AC Systems lists Westfield CZ sites (VERIFY). Group in-house data/AI stack + Westfield Rise+ audience interface; Wi-Fi by OpenEvent; Salesforce CRM","2025-11-13 Černý Most rebranded Westfield + 9,100 m² extension; partial stake sales in Černý Most (Jan 2025, Dec 2025, Jun 2026)",https://www.mam.cz/novinky/zadavatele-a-znacky/2025-11/oc-cerny-most-otevira-nove-prostory-a-pripojuje-se-ke-znacce-westfield/,https://assets.eu.ctfassets.net/1e76kztii87u/2QLeqN4oe9hCGng1H488PU/4faf7725082035ff9486f2b221152a4a/UNIBAIL-RODAMCO-WESTFIELD_REPORTS_H1-2026_EARNINGS.pdf; https://or.justice.cz/ias/ui/rejstrik-firma.vysledky?subjektId=695423&typ=PLATNY; https://or.justice.cz/ias/ui/rejstrik-firma.vysledky?subjektId=1217973&typ=PLATNY; https://or.justice.cz/ias/ui/rejstrik-firma.vysledky?subjektId=396380&typ=PLATNY,Current (2026),High,"They already count with cameras, so don't sell counting. Pitch the 8 audiences, the purchase share and audience-based pricing for Westfield Rise screens. Skwarlo chairs the industry association."
CZ-05,CZ,P1,WOOD & Company (Retail podfond / real-estate funds),,Czechia (Prague),CZ,Asset manager / fund owner (CZ + SK),"CZ: Galerie Harfa (Praha 9); Centrum Krakov (Praha 8). SK: Aupark (Bratislava, with Tatra Asset Management; managed by C&W); Polus (ex-VIVO!, Bratislava; bought from CPI Europe, 100% by end-2026)",4 (2 CZ + 2 SK),"Prague (WOOD & Company) + Bratislava (Local Partner & Head of Real Estate). Entities: AUPARK a.s. (IČO 47240377); POLUS, a.s. (IČO 35906294)","Head of Real Estate / Local Partner SK; real-estate fund portfolio manager; Centre Manager (Polus, Harfa); asset manager","Jan Kubíček (WOOD; chairs ANC ČR executive committee; AUPARK and POLUS boards); Martin Šmigura (Local Partner & Head of Real Estate, SK; chairs AUPARK and POLUS boards); Jiří Hrbáček (fund portfolio manager); Denisa Kráľová (Centre Manager, Polus); Veronika Košická (Aupark director, 2024: VERIFY, possibly replaced after the C&W takeover). Sources: https://www.tovarapredaj.sk/2026/06/16/obchod-ocami-martina-smiguru-local-partnera-a-head-of-real-estate-wood-company-nechceme-vytvorit-druhy-aupark-polus-ma-plnit-inu-ulohu/ (2026-06-16), https://www.orsr.sk/vypis.asp?ID=44557&SID=2&P=0",Harfa website footer credits Simplaq. AC Systems lists Harfa as a counting reference (VERIFY),"2026: Polus rebrand + full reconstruction ('not a second Aupark'), Kaufland opens autumn 2026. 2025-06-01 Aupark property management moved to C&W",https://wood.sk/insights/tlacove-spravy/polus-sa-vracia-prebiehajuca-rekonstrukcia-prinasa-prvych-klucovych-najomcov/,https://woodis.cz/produkty/fondy/retail-podfond/ (30.6.2026); https://wood.sk/insights/tlacove-spravy/wood-company-oznamuje-akviziciu-obchodneho-centra-vivo-a-administrativnych-budov/ (2025-02-17); https://www.cushmanwakefield.com/en/slovakia/news/2025/06/sprava-auparku; https://or.justice.cz/ias/ui/rejstrik-firma.vysledky?subjektId=256009&typ=PLATNY (Harfa); https://or.justice.cz/ias/ui/rejstrik-firma.vysledky?subjektId=1050419&typ=PLATNY (Krakov),Current (2025–26),High,"Polus is still a WOOD/CPI Europe JV until end-2026, and CPI's Petr Brabec sits on the POLUS a.s. board, so coordinate with the CPI relationship. WOOD is a partner of the ANC ČR conference."
CZ-06,CZ,P1,Trigea nemovitostní fond (Partners investiční společnost),,Czechia (Prague),CZ,Asset manager / fund owner,"Arkády Pankrác (Praha 4, managed by CBRE); OC Rokycanská (Plzeň, CBRE); Retail Park Haná (Olomouc); Retail Park Ostrava",4 (2 enclosed),"Prague: Partners investiční společnost, a.s. (Partners holds 60.41%)",General Director / Portfolio Manager; asset manager; via CBRE: Centre Manager + marketing,"Tomáš Trčka (general director & portfolio manager; ex-REICO CEO). Arkády (CBRE): Michal Svoboda (Centre Manager), Barbora Marxová and Eliška Nourse (marketing), Stana Trubačová (leasing). Source: https://www.ocarkady.cz/kontakt/",Not found,"No CZ retail trigger found for 2025–26. Active acquirer: two Polish deals in late 2025; its Galerie Vaňkovka bid failed on price (Brněnský deník, 20.3.2025: VERIFY). Plausible bidder for NEPI's CZ centres (inference)",https://www.novinky.cz/clanek/domaci-zpravy-jihomoravsky-kraj-galerie-vankovka-neni-na-prodej-rozhodl-nemecky-vlastnik-o-nakupnim-centru-v-brne-40513879,https://www.trigea.cz/o-fondu/; https://www.partnersholdco.cz/trigea (2026); Arkády deal ceskenoviny.cz 2024-02-01 (VERIFY: pre-2025); https://or.justice.cz/ias/ui/rejstrik-firma.vysledky?subjektId=876620&typ=PLATNY,Current (Arkády deal pre-2025: VERIFY),High (ownership); Low (trigger),Reach it through CBRE (same manager at both enclosed centres).
CZ-07,CZ,P1,Cushman & Wakefield (CZ + SK),,UK/US (CZ entity Prague),CZ,Third-party property manager,"CZ: Palladium (Praha 1); OC Opatovská (Praha 4, 2024: VERIFY); Adventum portfolio: RP Chrudim, OC Fontána (Karlovy Vary), OC Galerie Ostrava, OC Silesia (Opava) (2023: VERIFY). SK: Aupark (Bratislava, since Jun 2025); Novum (Prešov); Shopper Park Plus galleries in Žilina, Nitra, Trnava, Dunajská Streda (since Mar 2025). Eurovea / City Aréna mandates are old claims (VERIFY)",~12,Prague: Cushman & Wakefield s.r.o.; Bratislava office,Partner & Head of Asset Services; Head of Retail Asset Services; Head of Shopping Centre Leasing; Centre Manager,"Michaela Semanová (Partner & Head of Asset Services CZ, Jun 2025); Martin Šimek (Partner & Head of Retail Asset Services, 2024: VERIFY); Robert Skládal (Head of Shopping Centre Leasing CZ & SK); Jan Kotrbáček (International Partner, Head of Retail Agency CEE; ANC ČR events & membership commission); Jonathan Hallett (ANC ČR board); Michal Soták (head of Investor Services, which absorbed Asset Services in Oct 2025); Adam Šafránek (Head of Marketing, Sep 2026); Tomáš Némethy (Managing Partner SK); Lenka Michalčíková (Centre Manager SK, Apr 2025); Leoš Pajer (Palladium Marketing Manager)",Publishes the Retail MarketBeat and 'Retail Parks 2026' (2026-05-06). No footfall vendor disclosed,"2025-10-01 restructure: Asset Services moved under Investor Services. 2025-06-01 took over Aupark. 2025-03-21 Adventum SK mandate. Palladium changed owner (REICO, Nov 2025), so the mandate is up for review: a risk for C&W and an opening for us",https://www.cushmanwakefield.com/en/czech-republic/news/2025/06/takes-over-property-management-and-leasing-of-the-iconic-centre,https://www.palladiumpraha.cz/kontakty/ (read 2026-09-23); https://www.cushmanwakefield.com/en/slovakia/news/2025/03/adventum-portfolio; https://retailguide.cz/cushman-wakefield-manages-oc-opatovska/ (2024: VERIFY); https://retailguide.cz/cushman-wakefield-newly-manages-and-leases-adventums-shopping-centres-portfolio/ (2023: VERIFY),Current (older mandates: VERIFY),High,"Channel play: one framework agreement reaches several owners (REICO, WOOD/TAM, Adventum, Conseq). C&W could resell audience reports to owners."
CZ-08,CZ,P1,"CBRE (Property Management, CZ + SK)",,US (CZ entity Prague),CZ,Third-party property manager,"Confirmed CZ: OC Letňany (Praha 9); Arkády Pankrác (Praha 4); OC Rokycanská (Plzeň); leasing at Velký Špalíček (Brno). CBRE claimed 23 centres and retail parks in 2023 (VERIFY). A 2022 list included Campus Square Brno, Central Most, Nákupní park Haná, Retail Park Ostrava and several STOP SHOPs (VERIFY: CPI has insourced some). SK: Europa SC (Banská Bystrica); Eperia (Prešov)",~22 (claimed),"Prague: CBRE s.r.o., Palladium, nám. Republiky 1a; Bratislava: CBRE SK",Senior Director / Head of Retail Property Management; Centre Manager; Head of Retail Marketing; Head of Retail Sector,"Pavel Klimeš (Senior Director; Centre Manager OC Letňany; leads ANC ČR PropTech commission); Claire Sheils (ANC ČR board); Jan Janáček (Head of Retail Sector, May 2026); Jana Prokopcová (Head of Research); Michaela Šoková (Head of Retail Marketing, 2023: VERIFY); Michaela Matoušková (Marketing, Letňany); Michal Svoboda (Centre Manager, Arkády); Beáta Patáková (Centre Manager, Europa SC BB); Tomáš Lörincz (Director Retail Leasing SK)","Publishes the annual CBRE Shopping Centre Index (2026 edition: regional footfall +1.2%, turnover +2.1%, vacancy 2.8%) and the SK 'Slovak Retail Figures'. Both appear to be built on owner-reported counts","Pavel Klimeš leads the ANC ČR PropTech commission (live), our natural entry point. 2026-05-26 Shopping Centre Index 2026. CPI took five centres in-house, so CBRE is under pressure to add value",https://anccr.cz/pracovni-komise,https://www.oc-letnany.cz/kontakty; https://www.ocarkady.cz/kontakt/; https://www.velkyspalicek.cz/kontakty; https://www.europasc.sk/kontakt; https://www.eperia.sk/sprava-centra (all read 2026-09-23); https://zpravy.kurzy.cz/721660 (2023: VERIFY),Current for confirmed centres; full list VERIFY,Medium (cbre.cz blocked automated reading),"Klimeš is the highest-leverage single contact in CZ: centre manager, CBRE director and PropTech commission lead."
CZ-09,CZ,P1,ARAM – Active Retail Asset Management,,Czechia (Prague),CZ,Third-party property/asset manager (local specialist),"Forum Nová Karolina (Ostrava); OC Olomouc City (from 2026-02-01); OC Haná (Olomouc, from 2026-02-01); Retail Park Olomouc; OC Čtyři Dvory (České Budějovice); OC Géčko (Liberec); Bořislavka Centrum (Praha 6)",7,Prague 3: Active Retail Asset Management,CEO; Marketing Director; Centre Director; Leasing Manager,Martin Kubík (CEO; Centre Director of Forum Nová Karolina); Tomáš Lučan (Marketing Director); Roman Florián (Technical Director),Not public,2026-02-01 new mandates for OC Olomouc City and OC Haná,https://activeretail.cz/,https://activeretail.cz/ (read 2026-09-23); https://www.forumnovakarolina.cz/kontakty,Current (2026),High,"Claims ~100k m², ~€300m AUM, 15m visits/yr. One relationship reaches REICO, Mint and Conseq assets. One helper linked ARAM to Eurovea (VERIFY)."
CZ-10,CZ,P2 (expansion),CPI Europe AG (ex-IMMOFINANZ) + CPIPG retail-warehouse team: STOP SHOP & CityMarket CZ,"CPI group — expansion, not a new logo",Austria / Luxembourg (ops Prague),CZ,Retail-park operator (owner),"STOP SHOP CZ (12): Praha-Horní Měcholupy, Hranice, Kladno, Litvínov, Příbram, Rakovník, Staré Město u UH, Tábor, Třebíč, Znojmo, Ústí nad Orlicí, Žatec. CityMarket CZ (18, CPIPG-owned): Beroun, Brandýs n. L., Čáslav, Český Krumlov, Chrudim, Jeseník, Králův Dvůr, Mělník, Mladá Boleslav, Náchod, Pelhřimov, Svitavy, Třinec, Třinec-Lyžbice, Trutnov, Vyškov, RP Příbram, RP Teplice",30,"Run from Prague (Quadrio) by the CPIPG retail-warehouse asset-management team. Formal parent CPI Europe AG, Vienna (CPIPG 75.03% of votes; IMMOFINANZ renamed in Mar 2025). New CZ vehicle CPI Europe Retail Invest, a.s. (IČ 30007771)",Head of Retail Warehouse Asset Management; Senior Asset Manager CZ & SK; STOP SHOP leasing manager,"Pavel Jirásek (Head of Retail Warehouse Asset Management); Róbert Dikan (Senior Asset Manager CZ & SK). Sources: https://cz.citymarketgroup.com/o-nas, https://cpipg.com/en/about-us (2026)",Not found,"2026-09-09 new CZ company CPI Europe Retail Invest, a.s. registered at Quadrio, sole shareholder IMBEA IMMOEAST (Vienna). Purpose not public; possibly a retail restructuring",https://ares.gov.cz/ekonomicke-subjekty-v-be/rest/ekonomicke-subjekty-vr/30007771,https://www.stop-shop.com/en/czech-republic; https://cz.citymarketgroup.com; https://cpi-europe.com/en/investor-relations/shares/shareholders-structure (all read 2026-09-23),Current (2026),"High (list, ownership); Medium (who decides)","Open-air parks have no controlled entrance, so the fit is weaker. Pitch only after the shopping-centre rollout. VIVO! Hostivař is counted in the row above."
CZ-11,CZ,P2,NEPI Rockcastle (CZ + SK),,Netherlands / Romania,EN (CZ for centre teams),Owner/operator (in-house management),CZ: Forum Liberec; Forum Ústí nad Labem. SK: Aupark Košice; Aupark Žilina; Aupark Piešťany; Galéria Mlyny (Nitra); Korzo (Prievidza),7 (2 CZ + 5 SK),"Group level (Amsterdam/Bucharest). SK entity NEPI Slovakia Management s.r.o., Žilina",Group COO / Group Leasing Director; SK country/regional manager; Centre Manager; group Head of Digital/Marketing (SPOT app),"Marius Barbu (Group COO, Dec 2025); Justyna Bartosz (Group Leasing Director, H1 2026); Miroslav Habel (Centre Manager, Forum Liberec); Věnka Drábková (Marketing, Forum Liberec); Michal Ešner (Centre Director, Forum Ústí); Kateřina Kejřová (Marketing, Forum Ústí); Zoran Macháček (director, Mlyny + Aupark Piešťany). Sources: https://www.forumliberec.cz/kontakty, https://www.forumustinadlabem.cz/kontakty",SPOT loyalty app with receipt scanning in all CZ/SK centres. The group reports like-for-like footfall (−0.4% H1 2026); vendor unknown,"2026-09-23 HN: Forum Liberec and Forum Ústí reportedly for sale, Czech funds interested. Track the buyer; the 5 SK centres stay with NEPI",https://archiv.hn.cz/c1-67934300-po-palladiu-jsou-na-prodej-dalsi-miliardova-nakupni-centra-zajem-maji-ceske-fondy,https://nepirockcastle.com/overview/ (live Sep 2026); https://nepirockcastle.com/portfolio/forum-liberec-shopping-centre/; https://nepirockcastle.com/portfolio/forum-usti-nad-labem/,Current (2026),High,"Portfolio play across 7 centres, but decisions sit at group level. Short-term, the CZ centres are better targeted via their next owner."
CZ-12,CZ,P2,Klépierre,,France (Paris),EN (CZ for centre team),Owner/operator,Nový Smíchov (Praha 5); Plzeň Plaza (Plzeň),2,"Paris (Cyrille Deslandes, GM NL/DE/PL/CZ/TR) → Warsaw → lean Prague team. KLEPIERRE CZ s.r.o. (IČO 27407136); KLEPIERRE MANAGEMENT ČESKÁ REPUBLIKA s.r.o. (IČO 26209241)",Shopping Center Manager; Central Europe director; Specialty Leasing / Mall Income (retail media); Leasing Director,"Pavel Kopřiva (Shopping Center Manager, both centres); Michaela Brůhová (Deputy Centre Manager, Plzeň); Ivan Michnevic (Leasing Director); Šárka Therova (Specialty Leasing); Cyrille Deslandes (GM). No marketing manager is named publicly (VERIFY)","'Nový Smíchov & JÁ' loyalty app with receipt scanning. Group 'Mall Income' (retail media + specialty leasing) is 9.3% of net rental income, with a growing screen network. Targomo models Nový Smíchov at ~29.3k visits/day","H1 2026: group Mall Income +13.4%, a retail-media push where audience data can price the screens. Nový Smíchov 25th anniversary on 15 Oct 2026 (VERIFY)",https://klepierre.com/files/caa0a246/klp_2025_urd_en_31_03_26_d.26_0185.pdf,"Klépierre 2025 URD (above, 2026-03-31); https://www.klepierre.com/en/our-malls/novy-smichov",Current (2026),High (ownership); Medium (decision structure),Angle: audience-based pricing for their Mall Income / retail-media screens.
CZ-13,CZ,P2,ECE Marketplaces (manager) + Deutsche EuroShop / German fund (owners),,Germany (Hamburg),CZ (Prague office) / EN (Hamburg),Third-party manager/operator; owner of Olympia Brno is Deutsche EuroShop AG,"Olympia Brno (owner Deutsche EuroShop); Galerie Vaňkovka (Brno; owner a German fund, VERIFY which)",2,"Hamburg (asset strategy) + ECE Projektmanagement Praha s.r.o. (IČO 65413695), nám. Republiky 1081/7, Praha 1",Managing Director ECE Praha; Centre Manager; Marketing Manager; Leasing,"Gabriela Himmatová (MD ECE Praha); Monika Pyszkowska (MD CEE); Jan Lorenz (new director from 2025-10-01, role VERIFY); Jan Pazour (Centre Manager, Olympia Brno); Kateřina Pátková (Marketing, Olympia Brno); Tomáš Knop (Centre Director, Vaňkovka); Natálie Vrbová (Marketing, Vaňkovka); Zuzana Volná and Kateřina Široká (leasing). Source: https://www.olympia-centrum.cz/kontakt/",Both centres list 'anonymous visitor frequency measurement' in their privacy notices (vendor not named). 'JSEM VAŇKOVKA!' app on Emplate. ECE Investors' Day (Apr 2026) focused on AI + CRM,2026-09-03 Olympia Brno reopened its refurbished 'Olympia market' passage. Vaňkovka sale withdrawn Mar 2025 and could be revived,https://www.centrumnews.cz/olympia-brno-zrekonstruovala-pas%C3%A1%C5%BE-u-alberta-nov%C4%9B-nese-n%C3%A1zev-olympia-market,"https://or.justice.cz/ias/ui/rejstrik-firma.vysledky?subjektId=947362&typ=PLATNY (Olympia Brno owner, 2026-09-23); https://www.ece.com/en/center-portfolio; https://www.novinky.cz/clanek/domaci-zpravy-jihomoravsky-kraj-galerie-vankovka-neni-na-prodej-rozhodl-nemecky-vlastnik-o-nakupnim-centru-v-brne-40513879 (2025-03-20)",Current (2025–26),High,"Brno's two largest malls. They already count anonymously, so pitch audiences and the purchase share."
CZ-14,CZ,P2,Conseq realitní fond (Conseq Investment Management),,Czechia (Prague),CZ,Asset manager / fund owner,"Korso Karviná; OC Opatovská (Praha 4); OC Čtyři Dvory (České Budějovice, managed by ARAM); Retail Park Hradec Králové; Retail Park Poděbradská (Praha)","5 (3 enclosed, smaller formats)",Prague: Conseq Investment Management / Conseq Funds IS,"Real-estate portfolio manager; asset manager; via property managers (ARAM, C&W)",Vladan Kubovec (portfolio manager),Not found,Dec 2025: several acquisitions (not itemised). Čtyři Dvory bought in Sep 2024 for CZK 342m (VERIFY: pre-2025),https://www.nemovitostni-fondy.cz/fondy/conseq-realitni-fond,https://www.nemovitostni-fondy.cz/fondy/conseq-realitni-fond (NAV 30.7.2026); https://www.e15.cz/byznys/reality-a-stavebnictvi/prvni-a-nejmensi-reico-ceske-sporitelny-prodalo-obchodni-centrum-v-ceskych-budejovicich-1418540 (2024: VERIFY),Current (Čtyři Dvory: VERIFY),Medium-High,"Multi-centre with CZ decisions, but the centres are small, so P2."
CZ-15,CZ,P2,INVESTIKA realitní fond,,Czechia (Prague),CZ,Asset manager / fund owner (single centre),"Galerie Butovice (Praha 5), managed by DSG Capital s.r.o.",1,Prague: INVESTIKA investiční společnost; owner entity Galerie Butovice s.r.o.,Portfolio manager; Centre Manager (DSG Capital); Marketing Manager (DSG Capital),"Jaroslav Kysela (portfolio manager); Michaela Šlégrová (centre / rental manager, DSG); Linda Horáčková (marketing manager, DSG); Erika Štěpánová (leasing manager). Source: https://www.galerie-butovice.cz/kontakty",'Moje Galerie Butovice' loyalty app,None found,,https://www.investika.cz/investicni-fondy/investika-realitni-fond (31.8.2026),Current (2026),High,Butovice is ~9% of fund NAV; a retail-fund owner reporting monthly to retail investors.
CZ-16,CZ,P2,OC Letňany owner: VGV Property Investment S.à r.l. (probably Union Investment),,Luxembourg / Germany,CZ via CBRE; EN to owner,Owner (foreign institutional); managed by CBRE,OC Letňany (Praha 9),1,Luxembourg/Hamburg (Union Investment: VERIFY); on site CBRE,"Union Investment Real Estate asset manager CEE (VERIFY); via CBRE: Centre Manager, Marketing Manager","Pavel Klimeš (Centre Manager, CBRE); Michaela Matoušková (Marketing Manager); Tereza Nývltová (long-term leasing). Source: https://www.oc-letnany.cz/kontakty",'Moje Letňany' loyalty app with receipt scanning (built by Simplaq); Wi-Fi analytics,"None found. Union sold Palladium in Nov 2025, so it is cutting CZ retail exposure and a Letňany sale is possible (inference)",,"https://or.justice.cz/ias/ui/rejstrik-firma.vysledky?subjektId=929637&typ=PLATNY (Letňany Centre s.r.o. → VGV Property Investment S.à r.l., 2026-09-23); Union link rests on the 2016 Tesco deal (VERIFY)",VERIFY (ultimate owner),Medium,Work it through CBRE / Klimeš.
CZ-17,CZ,P2,DBK Praha a.s. / PRIOR / PROXY-FINANCE group (+ SES Spar European Shopping Centers 23%),,Czechia (Prague); SES Austria,CZ,Owner/operator (Czech private),"SC DBK Budějovická (Praha 4, operated by DBK Praha a.s.: https://dbkpraha.cz/center-history); Europark Štěrboholy (Praha 10; 77% Czech owners DBK PRAHA/PROXY-FINANCE/PRIOR, 23% SES Salzburg; SES lists 'EUROPARK Prague' in its portfolio since 2002: https://www.ses-european.com/cz-en/); Galerie Přerov (PRIOR obchodní domy, managed by DBK Praha: VERIFY)",3,"Prague (DBK Praha a.s., Budějovická 1667/64, Praha 4); minority partner SES in Salzburg (SES's operating role at Europark: VERIFY)",Centre Manager / director; Marketing; owners' board,"Ing. Libor Pospíšil (Centre Manager and director, Europark); Petra Pořízková (Marketing, Europark). Source: https://www.europark.cz/kontakty/",Not found,None found,,"https://or.justice.cz/ias/ui/rejstrik-firma.vysledky?subjektId=1034719&typ=PLATNY; https://or.justice.cz/ias/ui/rejstrik-firma.vysledky?subjektId=1035172&typ=PLATNY (EUROPARK Holding, 2026-09-23); Galerie Přerov via https://www.centers.cz/konference/110/budovy (RetailCon 2025 list: VERIFY)",Current (Europark); VERIFY (Přerov),Medium-High (Europark); Low (Přerov),
CZ-18,CZ,P2,Dandreet a.s. / Luděk Schmidt (incl. MANKIW SOLUTIONS a.s.),,Czechia (Prague),CZ,Owner/operator (Czech private),"Novo Plaza (Praha 4, bought from Bluehouse in 2026); Galerie Teplice (MANKIW SOLUTIONS a.s.; managed by its own company GTPM)",2,Prague: Dandreet a.s.,Owner / CEO; Centre Manager; Marketing,"Luděk Schmidt (owner); Filip Kulhánek (Centre Manager, Novo Plaza); Jan Růžička (Centre Manager, Galerie Teplice)",Not found,2026-03-10 Novo Plaza acquisition; Galerie Teplice expansion planned,https://www.seznamzpravy.cz/clanek/ekonomika-recka-skupina-bluehouse-capital-prodala-obchodni-centrum-novo-plaza-v-braniku-301131,"seznamzpravy.cz (2026-03-10, above); https://www.dandreet.cz (Teplice link: VERIFY)",Current (2026),Medium-High,"A new owner of Novo Plaza, repositioning. Short decision path."
CZ-19,CZ,P2,Ingka Centres (IKEA group) (CZ + SK),,Netherlands (Leiden),CZ (centre) / EN (group),Owner/operator,CZ: Avion Shopping Park Ostrava. SK: Avion Shopping Park Bratislava,2,Leiden (Ingka Centres Europe B.V.) + local centre management. Ingka Centres Ostrava s.r.o. (IČO 10708898); Ingka Centres Česká republika s.r.o. (IČO 27081028),Centre Manager (manažer/ka nákupního centra); Marketing Manager; Leasing Manager; statutory directors,"Zuzana Pilipčincová (centre manager, Ostrava); Jana Abrlová (marketing, Ostrava); Jan Váchal and Šárka Koníčková (CZ directors); Ferhan Topal (director from 2025-10-01); Andrea Aujeská (centre director, Avion BA); Petra Vojtasová (marketing manager, Avion BA); Magdaléna Kontšeková and Kristína Janečková (leasing, BA). Sources: https://www.ostrava.avion.cz/cs/kontakty, https://www.avion.sk/sk/kontakty-na-spravu-centra",None known,2025-10-01 new Dutch director on the CZ entities. Ostrava is Ingka's last CZ centre (sale watch: inference),https://or.justice.cz/ias/ui/rejstrik-$firma?ico=10708898,https://www.ingkacentres.com/cs/where-we-are/czech-republic/ (live); https://www.avion.sk/sk/kontakty-na-spravu-centra (live),Current (2026),High,Ingka sold Avion Brno (2022) and Avion Zličín (2018).
CZ-20,CZ,P2,IAD Investments (Bratislava) (CZ + SK),,Slovakia (Bratislava),CZ (SK reads CZ),Asset manager / fund owner,"CZ: Aupark Hradec Králové (IAD Investičný Realitný Fond, ex-HB Reavis CE REIF; managed in-house). SK: OC Laugaricio (Trenčín; IAD Prvý realitný fond). Also services ZFP's Forum Poprad vehicle and coordinated ZFP's Bory Mall purchase",2 (+2 serviced),"Bratislava: IAD Investments, správ. spol., a.s., Malý trh 2/A","Real-estate fund / portfolio manager; Centre Director, Aupark HK; Marketing, Aupark HK","Miroslav Adam (Centre Director, Aupark HK); Barbora Grohová (marketing, Aupark HK). Source: https://www.aupark.cz/o-auparku/",Simplaq client list includes Aupark HK,2025-09-10 coordinated ZFP's Bory Mall purchase. Took over the ex-HB Reavis fund ~May 2024 (VERIFY),https://www.pentarealestate.com/sk/novinky/uspesne-sme-ukoncili-predaj-bory-mall-novym-vlastnikom-sa-stava-zfp-realitni-fond/,https://iad.sk/investujte-s-nami/iad-investicny-realitny-fond-vita-noveho-najomcu-spolocnost-kooperativa/ (2025-05-20); https://rejstrik-firem.kurzy.cz/03977790/; https://iad.sk/prvy-realitny-fond/ (live),Current (2025),High (Aupark HK); Medium (Laugaricio: Mint also lists it),Slovak decision-maker for a CZ mall.
CZ-21,CZ,P2,ZDR Investments,,Czechia (Prague),CZ,Retail-park operator (owner),"~28 CZ retail parks (e.g., Retail Arena Chodov, RP Kunratice, Opava, Teplice, Most, Pardubice, Hradec Králové, Frýdek-Místek, Kuřim, Česká Lípa) + Aventin Shopping Jihlava (ZDR QIF, 2025) + Aventin Znojmo (ZDR Public, 2025)",~30,Prague: ZDR Investments IS a.s.,CEO; partner / portfolio manager; Lease Management; Marketing & PR; Sustainability,"David Čubr (CEO); Radek Hladký (founding partner); Roman Latuske (partner, portfolio manager ZDR Public); Aleš Klouda (Lease Management); Pavla Majerová (Marketing & PR); Marcela Fujanová (Sustainability). Source: https://www.zdrinvestments.cz/en/about-us",Not found,"2025-12-21 Aventin Znojmo (€31m); May 2025 Aventin Jihlava (CZK 1.5bn, phase 3 adds 15k m²)",https://www.zdrinvestments.cz/en/news/zdr-qif-acquisition-aventin-shopping-jihlava-czech-republic-retail-park,https://www.zdrinvestments.cz/en/portfolio (2026); https://znojemsky.denik.cz/zpravy_region/zdr-investments-aventin-shopping-znojmo-755-milionu-20251221.html,Current (2025–26),High,Open-air format. Lead with Aventin Jihlava (destination format).
CZ-22,CZ,P3,REALIA FUND SICAV (AVANT IS),,Czechia (Prague),CZ,Retail-park operator (owner),"24–26 CZ retail parks, incl. České Budějovice, Kladno, Uherské Hradiště, Vyškov, Benešov, Frýdek-Místek, Plzeň, Šumperk, Kozomín (Kralupy), Polička, Vimperk",24–26,Prague: REALIA group / AVANT investiční společnost,Group Executive Director; Commercial Director; asset manager,Josef Koller (founder); Roman Bank (group executive director); Tomáš Oplíštil (commercial director); Jiří Macík (CFO),Not found,2026-02-19 RP Kozomín; 2026-05-19 Polička; Jul 2026 Vimperk (serial acquirer),https://www.ceskenoviny.cz/tiskove/zpravy/fond-realia-kupuje-jeden-z-nejvetsich-retail-parku-v-cechach/2788572,https://www.realiagroup.cz/en; https://www.nemovitostni-fondy.cz/fondy/realia-fund-retail-parks (31.8.2026); https://svitavsky.denik.cz/zpravy_region/retail-park-v-policce-koupil-investicni-fond-ma-uz-24-arealu-20260519.html,Current (2026),High,Open-air; low entrance fit.
CZ-23,CZ,P3,Fidurock Retail Parks Fund SICAV (CODYA IS),,Czechia (Prague),CZ,Retail-park operator (owner),"CZ: RP Tábor, Mladá Boleslav, Liberec, Trutnov, Choceň, Milevsko, Staré Město; Arkáda Prostějov. SK: Senica, Piešťany and others (14 in total; VERIFY how many were actually transferred into the fund)",14,Prague: Fidurock,Managing partner; head of funds & investments,David Hauerland (managing partner); Adam Boruta (head of funds & investments),Not found,2026-01-05 fund launched (>CZK 5bn); 2026-09-15 Veletržní 42 added,https://www.e15.cz/investice/nemovitostni-fondy/vznika-jeden-z-nejvetsich-fondu-kvalifikovanych-investoru-s-retail-parky-za-pet-miliard-1429913,https://fidurock.com/portfolio (2026),Current (2026),Medium,Open-air; low entrance fit.
CZ-24,CZ,P3,Mint Investments,,Czechia (Prague),CZ,Owner / asset & property manager,"OC Olomouc City (Olomouc, managed by ARAM since Feb 2026); OC Breda & Weinstein (Opava, city VERIFY); lists Laugaricio (Trenčín, SK), which IAD's fund owns (VERIFY)",2,Prague: Mint Investments,"Head of Asset Management; Head of Property Management; Partner, leasing & property management","Milan Korbelář (Head of Asset Management); Michal Kubišta (Head of Property Management); Lukáš Schirl (partner, asset management); Katarína Lindbergh (partner, leasing & PM). Source: https://www.mintinvestments.cz/en/about-us",Not found,2026-02-01 handed Olomouc City management to ARAM,https://activeretail.cz/,https://www.mintinvestments.cz/en/projects (2026),Current (2026),Medium,
CZ-25,CZ,P3,Star Capital / SC Finance,,Czechia,CZ,Owner/operator (Czech),"Futurum Ostrava (bought 2017 from Pradera/Bainbridge: VERIFY); OC Lužiny (Praha 13, SC Finance per the company register: VERIFY)",2,Czech (Prague),Centre Manager; Marketing; owner,"Ivo Kolář (Centre Manager, Futurum Ostrava); Denisa Bartoňová (marketing, Futurum Ostrava)",AC Systems lists Futurum Ostrava as a counting reference (VERIFY),None found,,"https://www.futurumostrava.cz (live, owner IČO 01829017: VERIFY parent); https://or.justice.cz/ias/ui/rejstrik-firma.vysledky?subjektId=426652&typ=PLATNY (Lužiny)",VERIFY,Low-Medium,
CZ-26,CZ,P3,Trikaya (Futurum Brno),,Czechia,CZ,Owner (Czech),Futurum Brno (Euro Mall Brno Real Estate s.r.o. via Mall Vienna Brno a.s.),1,Czech,Directors / owners; Centre Manager; Marketing,Dalibor Lamka and Alexej Veselý (sole directors from 2025-10-14); Petra Stehlíková (centre manager); Tereza Vávrová (marketing),Not found,"2025-10-14 Trikaya people became sole directors, which may mean full control (Trikaya bought 50% from Atrium in 2018: VERIFY)",,https://www.futurumbrno.cz (live); company register via helper (VERIFY),VERIFY,Low-Medium,
CZ-27,CZ,P3,CBRE Investment Management (Campus Square Brno),,US / pan-European fund,EN,Asset manager (foreign fund),Campus Square (Brno); PEC Campus Square s.r.o. / PEC Holdings S.à r.l. (Pan-European Core fund: VERIFY),1,CBRE IM (pan-European fund); Prague contact via ANC ČR,Fund / asset manager CEE,Karel Zeman (CBRE Investment Management; ANC ČR executive committee),Not found,None found,,https://rejstrik-firem.kurzy.cz/03263690/; https://www.centers.cz/konference/110/budovy (RetailCon 2025 list),VERIFY,Low-Medium,Zeman is reachable at ANC ČR events.
CZ-28,CZ,P3,EPG European Property Group (Central Most),,Switzerland,CZ (centre) / EN (owner),Owner (Swiss),Central Most (Most); possibly Varyáda (Karlovy Vary: VERIFY),1–2,Switzerland; EPG CENTRAL MOST s.r.o.,Centre Director; owner rep,"Martin Koštíř (Centre Director, Central Most). Source: https://www.centralmost.cz/kontakt",Not found,None found,,https://www.centralmost.cz/kontakt; https://www.centers.cz/konference/110/budovy (RetailCon 2025 list: VERIFY),VERIFY,Low-Medium,
CZ-29,CZ,P3,Micronix (Central Kladno),,Czechia,CZ,Owner (Czech),Central Kladno (KCC Development s.r.o.; managed by Future Facility s.r.o.),1,Czech,Owner; Centre Manager; Marketing,Tomáš Stárek (centre manager),Central Klub loyalty scheme,Dec 2025 Micronix took 100% (Portiva exit),https://centralkladno.cz/,https://centralkladno.cz/ (live),Current (2025),Medium,
CZ-30,CZ,P3,RPIH a.s. / Roman Pilíšek (OC Šestka),,Czechia,CZ,Owner (Czech private),OC Šestka (Praha 6),1,Czech,Owner; Centre Manager,Roman Pilíšek (owner),Not found,None found,,https://or.justice.cz/ias/ui/rejstrik-firma.vysledky?subjektId=993266&typ=PLATNY (deal 2018: VERIFY),VERIFY,Medium,Near Prague airport.
CZ-31,CZ,P3,Tesco (NC Eden),,UK (Tesco CE),EN,Owner (retailer-landlord),"NC Eden (Praha 10), via Shopping Mall Eden s.r.o. (Tesco Holdings B.V.)",1,Tesco CE / UK,Head of property CE; centre manager,Not found,Not found,Aug 2026: reports that Tesco is exploring a sale of its Central European business (secondary source: VERIFY),https://www.arecenze.cz/clanky/tesco-po-30-letech-zvazuje-odchod-z-ceska-2026-zajemcu-o-jeho-prodejny-je-cela-rada-ve-hre-je-lidl-i-biedronka/,https://or.justice.cz/ias/ui/rejstrik-firma.vysledky?subjektId=1117985&typ=PLATNY,Current (register),Medium,Other Tesco galleries not checked.
CZ-32,CZ,P3,ZLATÉ JABLKO a.s. (Zlín),,Czechia (Zlín),CZ,Owner/operator (Czech private),Zlaté Jablko (Zlín),1,"Zlín (ultimate owner unclear, possibly REIN Holding: VERIFY)",Director; operations manager; marketing,Ing. Jiří Kratochvíl (director); Ondřej Kot (operations manager). Source: https://www.zlatejablko.cz/kontakt/,AC Systems lists Zlaté Jablko as a counting reference (VERIFY),Apr 2025 façade refurbishment reported (VERIFY source),,https://www.zlatejablko.cz/kontakt/ (live),VERIFY (owner),Medium,
CZ-33,CZ,P3,Merkury Market S.A. / BM LAND ČESKO (Avion Shopping Park Brno),,Poland,CZ (Brno team) / EN,Owner/operator (Polish; bauMax parent),Avion Shopping Park Brno (Polarbear Energy s.r.o.),1,"Krosno, Poland + Brno team",Directors; leasing,"Zdeněk Hrubý (leasing); Jerzy Papierz, Olga Gardulska, Jakub Lupač (directors). Source: https://www.avionbrno.cz/about-us",Not found,2026-02-05 'Avion park 2' planned (two DIY stores),https://www.brnan.cz/udalosti/nakupni-zona-u-avionu-na-jihu-brna-se-ma-rozrust-o-dva-hobbymarkety,https://or.justice.cz/ias/ui/rejstrik-firma.vysledky?subjektId=1117081&typ=PLATNY (2026-09-23),Current,High (ownership); Low-Medium (fit),"Retail-park-like format with IKEA, Tesco and bauMax."
CZ-34,CZ,P3,Adventum / Shopper Park Plus Nyrt. (CZ + SK),,Hungary (Budapest),EN,Owner (Hungarian fund group); managed by C&W,"CZ: RP Chrudim; OC Fontána (Karlovy Vary); OC Galerie Ostrava; OC Silesia (Opava) (2023: VERIFY). SK: ex-Tesco galleries in Žilina, Nitra, Trnava, Dunajská Streda (2025)",8,Budapest (Adventum); Cushman & Wakefield runs them,Asset manager; via C&W Centre Manager,Via C&W (see the C&W row),Not found,2025-03-21 SK portfolio acquisition + C&W mandate,https://www.cushmanwakefield.com/sk-sk/slovakia/news/2025/03/adventum-portfolio,https://www.cushmanwakefield.com/sk-sk/slovakia/news/2025/03/adventum-portfolio (2025-03-21); https://retailguide.cz/cushman-wakefield-newly-manages-and-leases-adventums-shopping-centres-portfolio/ (2023: VERIFY),Current SK; VERIFY CZ,Medium,Small hypermarket galleries; low priority.
CZ-35,CZ,P3,Pradera (Homepark Zličín),,UK (London),EN,Owner / retail-park operator (UK fund manager),"Homepark Zličín (Praha 5, ex-Avion Zličín, 34,813 m² retail park). Elsewhere: European Retail Parks vehicle in DE, FR, PL, plus UK",1 in CZ,"London HQ; Pradera Management Czech Republic s.r.o. (IČO 27596958), Senovážné nám. 8, Praha 1",Asset Manager CEE; Pradera Management CZ directors; centre/park manager,"Roberto Limetti and Colin Campbell (directors, Pradera Management Czech Republic s.r.o., per company register)",Not found,None found (bought 2018),,https://pradera.com/portfolio/ (live); https://or.justice.cz/ias/ui/rejstrik-firma.vysledky?subjektId=945051&typ=PLATNY,Current (portfolio page),High (ownership); Low (fit),"User-list operator. Open-air retail park, so the entrance-camera fit is low."
SK-01,SK,P1,"Peter Korbačka / EUROVEA, a.s.",,Slovakia (Bratislava),CZ (SK reads CZ),Owner/operator (private),"Eurovea (Bratislava, 20m+ visits/yr); City Aréna (Trnava, bought 2018: VERIFY)",1–2,"Bratislava: EUROVEA, a.s. (IČO 35825600; 100% TRENESMA LIMITED, Cyprus); EUROVEA Retail Services s.r.o.",Owner / CEO; Centre Director (riaditeľka centra); Head of Marketing; Leasing Director,"Peter Korbačka (owner; board chair from 2026-07-17); Jana Tomová (board, Feb 2026); Radoslav Mokrý (board, Jul 2026); Eva Pribičková (MD, EUROVEA Retail Services, Dec 2025); Silvia Oravkin Matejová (centre director, Mar 2025: https://bratislava.sme.sk/c/6183763/eurovea-vypustala-mesiace-splasky-do-dunaja.html)",Not found. Manager: in-house (the C&W management claim is VERIFY),2025-10-01 closed €380m syndicated loan; 2026-07-17 board and supervisory-board reshuffle,https://eurovea.sk/blog/eurovea-uspesne-uzatvorila-syndikovany-uver-v-hodnote-380-milionov-eur,https://www.orsr.sk/vypis.asp?ID=33604&SID=2&P=0 (2026-09-23); eurovea.sk (2025-10-01),Current (2025–26),High,"Flagship Bratislava mall, single owner, fast decisions."
SK-02,SK,P1,HB Reavis (Nivy),,Slovakia (Bratislava),CZ (SK reads CZ),Developer / owner / operator,Nivy (Bratislava; 20.2m visits in 2025),1,Bratislava HQ,Centre / Property Director; Head of Marketing & PR; Leasing Manager,"Ján Harom (Nivy Centre Director, 2025-10-03); Beáta Móriová (Head of Marketing & PR; Forbes SK 2026 snippet: VERIFY)","'Ahoj Nivy!' app (150k+ downloads, Jun 2024); publishes footfall","2025-10-03 Nivy in the top 5 most-visited CEE centres. Nov 2025: ~10k m² of the bus-station area converted to retail (STVR: VERIFY). Müller, Kaufland and CCC arrive in 2026",https://hbreavis.com/sk/novinky/nase-nivy-centrum-patri-do-top-5-najnavstevovanejsich-nakupnych-centier-strednej-europy/,https://hbreavis.com/sk/novinky/nase-nivy-centrum-patri-do-top-5-najnavstevovanejsich-nakupnych-centier-strednej-europy/ (2025-10-03),Current (2025–26),High,"Data-minded operator (own app, publishes footfall)."
SK-03,SK,P1,ZFP Investments (ZFP realitní fond) + Bory Mall Management (Penta),,Czechia (ZFP) / Slovakia (Penta),CZ,Asset manager / fund owner (Czech manager) + operator,"Bory Mall (Bratislava, since Sep 2025; still operated by Penta's Bory Mall Management); OC Forum (Poprad, since 2018)",2,"ZFP Investments (Czech fund manager; IAD coordinates in Bratislava); Bory Mall Management (Penta), Bratislava",Real-estate fund / portfolio manager; Bory Mall centre manager; Marketing,"Róbert Pružinský (ZFP Investments board chair; spelled 'Prušinský' in the register: VERIFY); Jan Tlačbaba (Forum Poprad a.s. chair, May 2026); Michal Rehák (Penta Real Estate executive director, seller)",Not found,2025-09-10 Bory Mall sale closed (new owner); 2026-05-14 Forum Poprad board change,https://www.pentarealestate.com/sk/novinky/uspesne-sme-ukoncili-predaj-bory-mall-novym-vlastnikom-sa-stava-zfp-realitni-fond/,"Penta release (2025-09-10, above); http://zfpinvest.com/portfolio/ (live); https://www.orsr.sk/vypis.asp?ID=446647&SID=2&P=0",Current (2025–26),High,Czech decision-maker for Slovak malls.
SK-04,SK,P2 (expansion),CPI group SK: STOP SHOP SK + CityMarket SK,"CPI group — expansion, not a new logo",Luxembourg / Austria (ops Prague + Bratislava),CZ,Retail-park operator,"STOP SHOP SK (15): Bardejov, Bratislava-Rača, Dolný Kubín, Dubnica nad Váhom, Liptovský Mikuláš, Lučenec, Michalovce, Nové Zámky, Poprad, Prešov, Prievidza, Púchov, Rožňava, Ružomberok, Trenčín. CityMarket SK (10): Dunajská Streda, Komárno, Nitra, Family Center Nitra, Piešťany, Považská Bystrica, Ružomberok, Senica, Vranov nad Topľou, RP Levice",25,Prague (retail-warehouse asset management) + Bratislava country manager,Country Manager Slovakia; Senior Asset Manager CZ & SK; Head of Retail Warehouse Asset Management,Ivan Nosko (Country Manager Slovakia); Róbert Dikan (Senior Asset Manager CZ & SK); Pavel Jirásek (Head of Retail Warehouse AM). Source: https://cpipg.com/en/about-us,Not found,2025-04-29 CPI Europe sold Polus a.s. (VIVO! Bratislava); CPI has no SK shopping centre left,https://cpipg.com/storage/app/uploads/public/69c/c11/ac3/69cc11ac3345d830337340.pdf,https://www.stop-shop.com/en/slovakia; https://sk.citymarketgroup.com (read 2026-09-23),Current (2026),High (list); Low-Medium (people),Open-air parks.
SK-05,SK,P2,Allianz (owner) + MULTI (manager): Central,,Germany / Luxembourg; MULTI NL,EN (owner) / CZ (centre team),Owner (institutional) + third-party manager,Central (Bratislava),1,"Allianz (Luxembourg/Munich): Central Shopping Center, a.s. (IČO 46872884; 100% Allianz Finance VII Luxembourg). Operations: Multi Slovakia s.r.o., Bratislava",Owner board; Centre Director (MULTI); Leasing; Marketing,"Jochen Waibel (board chair, Aug 2025); Igor Valent (centre director, MULTI); Martin Červenka (leasing); Andrea Ostrihon (marketing); Harold van Riel (MD Multi Slovakia). Source: https://central.sk/",Not found,"2026-08-11 SME: fourth straight year of falling revenue (2025 €10.82m, −7%; loss €16.69m). A repositioning or sale candidate",https://www.sme.sk/index/c/ktore-nakupne-centrum-v-bratislave-zarobilo-najviac-viacere-vykazovali-straty,https://www.orsr.sk/vypis.asp?ID=247954&SID=2&P=0 (2026-09-22),Current (2026),High,"Pain-led pitch: who actually comes, to guide the repositioning."
SK-06,SK,P2,SIRS group (George Trabelssie),,Slovakia (Žilina),CZ (SK reads CZ) / EN,"Owner/operator (private, Žilina)",Optima (Košice); Mirage (Žilina); also manages OC Dubeň (Žilina),2 (+1 managed),Žilina: SIRS Asset management s.r.o.,Owner; managing director; Centre Director,"George Trabelssie (owner); Lukáš Gibača (managing director, SIRS AM; spelling VERIFY); Peter Šimkanin (Optima centre director); Jaroslav Budaj (Dubeň centre director). Sources: https://www.ocoptima.sk/kontakt/, https://www.ocduben.sk/kontakt/",Not found,"2025-05-27 aktuality.sk: Mirage 'half-empty, changes coming', ~17.6k visitors/day (VERIFY)",,https://www.orsr.sk/vypis.asp?ID=641811&SID=5&P=0 (Optima); https://www.orsr.sk/vypis.asp?ID=143224&SID=5&P=0 (Mirage),Current (register 2026),Medium-High,
SK-07,SK,P2,Supernova (Graz),,Austria (Graz),EN (DE) / CZ for SK centres,Owner/operator (malls + retail parks),"MAX Trnava, MAX Trenčín, MAX Nitra, MAX Poprad (being rebranded 'Supernova Max'); retail parks in Dunajská Streda, Liptovský Mikuláš, Rimavská Sobota, Spišská Nová Ves, Zvolen",4 malls + 5 parks,Graz HQ; SK centre managers,CEO / asset management (Graz); Centre Manager; marketing,"Martin Pelech (Centre Manager, Trnava: https://supernova-trnava.sk/kontakt/); Markus Pinggera (CEO, 2022: VERIFY)",Not found,2026-10-17/18 'Supernova Max' rebrand launch event,https://supernova-trnava.sk,https://www.supernova.at/en/portfolio; https://europaproperty.com/supernova-buys-four-shopping-malls-in-slovakia/ (2022 deal: VERIFY),Current (2026),Medium-High,Time outreach around the rebrand.
SK-08,SK,P3,Hyperion Invest (Shopping Palace),,Slovakia (Bratislava),CZ (SK reads CZ),Owner (private consortium),"Shopping Palace (Bratislava); Hyperion 40%, SBK REAL 25%, Smart Farm 25%, Borbo 10%; manager possibly MVGM (VERIFY)",1,Bratislava,Owner; centre manager,Marián Šufliarsky (Hyperion Invest),Not found,2026-08-11 SME: 2025 revenue €3.85m (−14%),https://www.sme.sk/index/c/ktore-nakupne-centrum-v-bratislave-zarobilo-najviac-viacere-vykazovali-straty,https://www.orsr.sk/vypis.asp?ID=410416&SID=2&P=0 (2026),Current (2026),Medium,
SK-09,SK,P3,Valach family (Europa SC Banská Bystrica),,Slovakia (Banská Bystrica),CZ (SK reads CZ),Owner (private); managed by CBRE,Europa SC (Banská Bystrica),1,Banská Bystrica: EUROPA SC BB a.s.,Owner board; Centre Manager (CBRE),"Alena Valachová (board chair); Peter Valach (supervisory board); Beáta Patáková (Centre Manager, CBRE)",Not found,None found,,https://www.orsr.sk/vypis.asp?ID=117805&SID=3&P=0; http://europasc.sk/sk/sluzba/2/sprava-centra (live),Current,Medium,Reach via CBRE SK.
SK-10,SK,P3,"IMBIZ s.r.o. (OC Madaras, Spišská Nová Ves)",,Slovakia (Spišská Nová Ves),CZ (SK reads CZ),Owner/operator (Slovak private),OC Madaras (Spišská Nová Ves; opened 2009; ~80–90 units; largest centre in the Spiš region),1,"Spišská Nová Ves: IMBIZ s.r.o. (IČO 36176516), Mlynská 39",Owner / managing director; centre manager; leasing (CBRE lists it for leasing),Not found,Not found,None found,,"https://www.ocmadaras.sk/obchodne-podmienky/ (owner IMBIZ s.r.o., live); https://www.firemnereality.sk/en/retail/oc-madaras-spisska-nova-ves/1859 (CBRE leasing listing)",Current (site); VERIFY recency,Medium,User-list operator; turned out to be a Slovak centre.
INT-01,INTL,P2,Nhood (Auchan / Mulliez real-estate arm),,France,EN,Owner/operator + third-party property manager,"Property-manages 464 shopping centres in 11–12 countries (FR, IT, ES, PT, PL, RO, HU, LU, etc.; ~600m visits a year); flagships Merlata Bloom (Milan), Wilanów Park (Warsaw). NO CZ/SK centre (checked 2026-09-23)",464,"France (Croix/Lille HQ); country teams in PL, RO, HU",Country Director (PL/RO/HU); Head of Property Management; Head of Data / Digital; Marketing Director,Ganna Koryagina (global leasing; MAPIC 2025 interview: https://www.beyondretailindustry.com/retail/nhood-global-leasing-retail-expansion-mapic-2025/),Not found,"2025: 1,215 leases signed (+15%), Romania a growth hub; acquired SCC France (property management); sold 8 Polish centres to Adventum; Nov 2025 took over Urbano Shopping & Living (RO)",https://nhood.ro/en/nhood-reports-robust-2025-leasing-performance-romania-emerges-as-a-strategic-growth-hub-for-international-retail-expansion/,https://nhood.ro/en/nhood-reports-robust-2025-leasing-performance-romania-emerges-as-a-strategic-growth-hub-for-international-retail-expansion/; https://www.property-forum.eu/news/nhood-completes-sale-of-eight-polish-shopping-centres-to-adventum-group/21259,Current (2025),Medium,"User list. A scale partner for CEE expansion (PL/RO/HU), not a CZ/SK buyer."
INT-02,INTL,P2,G City Europe (ex-Atrium European Real Estate; Gazit / G City),,Jersey / Israel (ops Warsaw),EN,Owner/operator,"14 properties (~€1.9bn), mostly Warsaw: Wars Sawa Junior, Atrium Promenada, Atrium Targówek, Atrium Reduta; Galeria Dominikańska (Wrocław). NO CZ/SK centre left: exited CZ via the sales of Palác Pardubice (2023), Arkády Pankrác (2024) and Atrium Flora (2025)",14,Jersey-registered / Israeli parent (G City); operations in Warsaw,"CEO / COO Europe; Head of Asset Management; Head of Marketing; Centre Director (Promenada, Targówek)",Not found,Not found,"€125m Pekao/Berlin Hyp loan for the Promenada expansion (+13,200 m²)",https://realassets.ipe.com/propertyeu/g-city-europe-inks-125m-loan-for-shopping-centre-upgrade/10104009.article,https://g-cityeu.com/; https://www.across-magazine.com/atrium-european-real-estate-rebrands-to-g-city-europe/,Current (2025); loan date VERIFY,Medium,"User list. Warsaw-concentrated, so a Poland entry point."
INT-03,INTL,P2,"Sierra Balmain (Sonae Sierra × Balmain, Poland)",,Poland (Sonae Sierra: Portugal),EN,Third-party property manager,"~20 assets in 15 Polish cities (>550k m²), incl. Galeria Pomorska, Power Park Opole, Galeria nad Jeziorem (Konin), Pasaż Łódzki, CH Osowa (Gdańsk). NO CZ/SK centre",~20,Poland (Warsaw),Managing Director; Head of Property Management; Head of Retail Leasing; Centre Manager,Not found,Not found,New mandates: Stage Capital's three centres; Galeria Pomorska; Power Park Opole (dates VERIFY),https://www.property-forum.eu/news/sierra-balmain-to-manage-three-stage-capital-centres-in-poland/12069,https://sierrabalmain.com/; https://www.property-forum.eu/news/sierra-balmain-takes-over-management-of-power-park-opole/18445,VERIFY (dates),Medium,"User list. A Poland channel (one manager, many owners), mirroring the C&W/CBRE play in CZ."
INT-04,INTL,P3,Wincasa (Implenia group),,Switzerland (Winterthur),EN (DE preferred),Third-party property / centre manager,"Switzerland only: 74 centres and sites, >100 retail properties, ~2m m² (Sihlcity Zürich, Shopping Arena St. Gallen, La Praille Geneva, Centro Serfontana Ticino). NO CZ/SK centre",74,"Winterthur, Switzerland (part of Implenia since May 2023)","Head of Center Management; Head of Promotional Spaces ('Promotionsflächen', i.e. retail media); Centre Manager (e.g., Sihlcity); Head of Digital",Not found (management page: https://wincasa.ch/en-ch/about-wincasa/management),Not found,New centre-management mandates and long-term partnerships (Centro Serfontana to become zero-emission by 2027),https://wincasa.ch/en-ch/about-wincasa/wincasa-strengthens-market-position-through-new-mandates-and-long-term-partnerships,https://www.wincasa.ch/en-us/dienstleistungen/center-management-1,Current,High,"User list. Sells promotional space in malls, so audience data prices it."
INT-05,INTL,P3,Citycon,,Finland (Espoo),EN,Owner/operator (listed REIT),"28 urban centres (Dec 2025): Finland 9, Norway 10, Sweden 6, Estonia 1, Denmark 2. NO CZ/SK centre. (Kamppi Helsinki is NOT Citycon's; see separate row)",28,"Espoo, Finland",Chief Commercial Officer / Head of Leasing; Head of Digital / Customer Insight; Centre Director,Not found,Not found,2026: non-binding LOI to divest Finnish centres at ~€400m book value,https://www.citycon.com/newsroom/citycon-has-signed-a-non-binding-loi-for-the-divestment-of-centers-in-finland-at-book-value-of-around-eur-400m-2026,https://www.citycon.com/shopping-centres; https://en.wikipedia.org/wiki/Citycon (portfolio counts: VERIFY on citycon.com),Current (2025–26),Medium-High,User list.
INT-06,INTL,P3,Kamppi Helsinki (Nuveen ECF 50% / Allianz Real Estate 50%; CBRE Finland manages),,Finland (owners US/DE),EN,Single centre: institutional owners + third-party manager,"Kamppi (Helsinki). NO CZ/SK centre. Allianz also owns Central, Bratislava (see SK row)",1,Owners Nuveen (European Cities Strategy fund) + Allianz Real Estate; operations CBRE Finland Oy,Shopping Centre Director; CBRE Finland property management lead; Nuveen / Allianz asset managers,Mari Ahonen (Shopping Centre Director),Not found,None found,,https://www.kamppihelsinki.fi/en/media (read 2026-09-23),Current,High,"User list. Allianz link: a Central Bratislava reference could travel here, and vice versa."
INT-07,INTL,P3,Danske Shoppingcentre (DSC; ATP + Danica Ejendomme JV),,Denmark,EN,Owner/operator (pension-fund JV),"16 Danish centres (9 Greater Copenhagen, 3 Zealand, 5 Jutland), ~820k m², 72m visits a year. NO CZ/SK centre",16,Denmark (Copenhagen area),CEO; Head of Data / BI; Head of Marketing; Centre Managers,Not found,Built a data platform on Microsoft Fabric (valantic case study); facility services with CBRE GWS,"Microsoft Fabric data-platform project (date VERIFY), which signals data appetite",https://www.valantic.com/en/case-studies/microsoft-fabric-danske-shoppingcentre/,https://en.danskeshoppingcentre.dk/about-us/about-dsc; https://en.danskeshoppingcentre.dk/centres,Current,High,User list. Strong fit (a data-minded portfolio) but a distant geography.
INT-08,INTL,P3,Oy Nortecon Ab,,Finland,EN,Commercial property developer / planner / property manager (advisor),"Finland: commercial planning, leasing and management for centres in Helsinki, Espoo, Vantaa, Tampere, Turku, Kuopio, Lahti (see its references page). NO CZ/SK centre",n/a,Finland,Managing Director; commercial planning / leasing lead,Not found,Featured in a Telia Crowd Insights (telco visitor data) blog as a heavy user of visitor data,None found,https://business.teliacompany.com/blog/a-new-era-of-urban-insights-for-city-development,https://nortecon.fi/en/; https://nortecon.fi/en/references/,Current (site),Medium,"User list. Advisor, not an asset owner; possible referral partner."
INT-09,INTL,P3,"WestEnd City Center, Budapest (TriGránit)",,Hungary (Budapest),EN,Owner/operator (single flagship centre),WestEnd City Center (Budapest; ~400 shops). NO CZ/SK centre,1,"Budapest (TriGránit is developer and, per the centre's own page, owner: VERIFY current ownership)",Centre Director; Marketing Director; TriGránit asset management,Not found,Not found,"2026-02-20 Telex: Hungarian government preparing a sale of the Nyugati/Westend-area land (context, not a centre sale)",https://telex.hu/gazdasag/2026/02/20/lazar-janos-westend-eladas-privatizacio-nyugati-palyaudvar,https://westend.hu/about-us; https://en.wikipedia.org/wiki/WestEnd_City_Center,VERIFY (owner),Low-Medium,User list. Nearest non-CZ/SK flagship (CEE).
INT-10,INTL,P3,Wider Property (Portugal),,Portugal,EN,Shopping-centre manager (VERIFY),"Portugal: e.g., Freixial Shopping (other centres not verified). NO CZ/SK centre",VERIFY,Portugal,Managing Director; Centre Manager,Not found,Not found,None found,,https://portal.widerproperty.pt/en/; https://powerdot.eu/en/blog/marker/freixial-shopping-wider-property,VERIFY,Low,User list. Thin public footprint.
